Pos,Name,BV,SV,Team,12_xMins,12_Pts,13_xMins,13_Pts,14_xMins,14_Pts,15_xMins,15_Pts,16_xMins,16_Pts,17_xMins,17_Pts,18_xMins,18_Pts,19_xMins,19_Pts
G,Leno,4.6,4.6,Arsenal,0,0,1,0.046,1,0.037,1,0.043,2,0.086,3,0.124,2,0.08,1,0.045
G,RÃºnarsson,4,4,Arsenal,0,0,0,0,0,0,0,0,0,0,0,0,0,0,0,0
M,Willian,6.3,6.3,Arsenal,0,0,0,0,0,0,0,0,0,0,0,0,0,0,0,0
F,Aubameyang,10.1,10.1,Arsenal,79,3.565,78,5.732,77,3.74,73,4.076,74,4.857,75,4.662,74,4.373,74,4.853
D,CÃ©dric,4.2,4.2,Arsenal,2,0.054,3,0.137,5,0.158,5,0.196,6,0.25,4,0.152,6,0.219,7,0.308
F,Lacazette,8.3,8.3,Arsenal,68,2.833,65,4.238,61,2.742,59,3.009,57,3.376,55,3.108,58,3.123,60,3.567
M,Xhaka,4.9,4.9,Arsenal,0,0,0,0,0,0,0,0,0,0,0,0,0,0,3,0.105
D,MarÃ­,4.2,4.2,Arsenal,0,0,2,0.083,3,0.076,6,0.214,4,0.149,5,0.167,5,0.154,8,0.326
D,BellerÃ­n,4.8,4.8,Arsenal,0,0,0,0,0,0,0,0,0,0,0,0,0,0,0,0
D,Chambers,4.2,4.2,Arsenal,0,0,0,0,1,0.033,1,0.04,1,0.043,4,0.16,2,0.076,2,0.09
D,Kolasinac,4.3,4.3,Arsenal,0,0,0,0,0,0,1,0.038,1,0.04,2,0.076,2,0.072,2,0.086
M,Elneny,4.5,4.5,Arsenal,6,0.259,8,0.384,8,0.343,8,0.351,10,0.461,11,0.488,10,0.439,10,0.459
M,Maitland-Niles,5.3,5.3,Arsenal,29,1.057,18,0.842,24,0.929,24,0.979,22,0.96,25,1.029,29,1.13,26,1.121
D,Holding,4.2,4.2,Arsenal,0,0,2,0.102,3,0.103,5,0.204,6,0.248,10,0.361,8,0.276,12,0.512
M,Partey,5,5,Arsenal,59,1.648,76,2.966,77,2.243,77,2.499,75,2.642,72,2.439,72,2.349,72,2.638
D,Tierney,4.8,4.8,Arsenal,20,0.503,55,2.938,57,1.64,55,2.329,52,2.34,52,2.077,50,1.845,53,2.558
M,PÃ©pÃ©,7,7,Arsenal,35,1.714,41,3.034,38,1.943,43,2.498,48,3.137,43,2.699,45,2.655,43,2.871
M,Torreira,4.5,4.5,Arsenal,0,0,0,0,0,0,0,0,0,0,0,0,0,0,0,0
M,Willock,5.8,5.8,Newcastle,48,2.095,47,1.748,49,2.327,49,2.191,49,1.856,54,1.76,46,1.594,50,1.885
F,Nketiah,5.4,5.4,Arsenal,0,0,0,0,0,0,1,0.06,1,0.067,2,0.141,2,0.127,0,0
M,Smith Rowe,5.8,5.8,Arsenal,75,2.725,70,3.811,72,2.777,70,3.076,66,3.271,67,3.139,67,2.907,63,3.181
M,Saka,6.3,6.3,Arsenal,77,2.942,71,4.306,73,2.981,71,3.366,69,3.694,68,3.459,68,3.282,67,3.664
D,Gabriel,5.1,5.1,Arsenal,89,1.598,86,4.162,84,2.128,82,3.166,80,3.252,78,2.802,82,2.667,74,3.308
D,Mavropanos,4.5,4.5,Arsenal,0,0,0,0,0,0,0,0,0,0,0,0,0,0,0,0
M,Guendouzi,4.5,4.5,Arsenal,0,0,0,0,0,0,0,0,0,0,0,0,0,0,0,0
M,Martinelli,5.2,5.2,Arsenal,9,0.471,13,0.947,13,0.706,14,0.868,14,0.952,17,1.101,15,0.947,19,1.273
D,Saliba,4.5,4.5,Arsenal,0,0,0,0,0,0,0,0,0,0,0,0,0,0,0,0
G,Steer,4,4,Aston Villa,1,0.042,0,0,1,0.036,1,0.04,1,0.036,2,0.085,3,0.131,0,0
M,Hourihane,4.9,4.9,Aston Villa,0,0,0,0,0,0,0,0,0,0,0,0,0,0,0,0
G,MartÃ­nez,5.5,5.5,Aston Villa,89,3.76,88,3.49,87,3.135,86,3.481,86,3.088,86,3.664,84,3.702,87,3.262
D,Engels,4.5,4.5,Aston Villa,0,0,0,0,0,0,0,0,0,0,0,0,0,0,0,0
M,TraorÃ©,5.7,5.7,Aston Villa,0,0,0,0,0,0,0,0,0,0,0,0,0,0,0,0
M,Grealish,7.7,7.7,Man City,65,4.698,67,4.555,65,4.189,64,4.602,64,4.466,62,4.649,62,4.427,59,4.222
M,Sanson,5,5,Aston Villa,13,0.641,17,0.812,14,0.624,13,0.664,12,0.532,10,0.528,13,0.688,15,0.67
M,McGinn,5.8,5.8,Aston Villa,83,2.87,81,2.657,76,2.176,76,2.764,72,2.015,70,2.649,68,2.675,68,2.072
D,Hause,4.4,4.4,Aston Villa,3,0.095,6,0.182,9,0.197,7,0.242,12,0.221,14,0.57,13,0.555,17,0.509
M,TrÃ©zÃ©guet,5.4,5.4,Aston Villa,0,0,0,0,0,0,0,0,0,0,0,0,0,0,0,0
D,Mings,4.9,4.9,Aston Villa,86,2.999,84,2.447,81,1.353,81,2.634,78,0.928,76,2.805,75,3.042,73,1.804
D,Targett,4.7,4.7,Aston Villa,88,3.156,84,2.551,85,1.476,84,2.819,80,1.029,81,3.069,81,3.357,76,1.955
F,Watkins,7.3,7.3,Aston Villa,70,3.369,67,3.057,63,2.401,62,3.201,52,1.962,51,2.66,56,3.049,55,2.154
M,Nakamba,4.5,4.5,Aston Villa,65,2.072,51,1.649,57,1.639,53,1.751,51,1.458,50,1.716,44,1.582,48,1.477
M,El Ghazi,5.6,5.6,Aston Villa,42,2.598,41,2.404,44,2.08,35,2.327,39,1.817,40,2.686,43,3.005,39,1.943
M,BuendÃ­a,6.2,6.2,Aston Villa,72,3.491,70,3.181,68,2.561,65,3.332,64,2.361,61,3.276,60,3.367,62,2.492
D,Cash,5.1,5.1,Aston Villa,87,3.293,85,2.68,81,1.522,80,2.861,80,1.086,77,3.109,77,3.402,77,2.048
D,Konsa,4.9,4.9,Aston Villa,85,3.12,84,2.558,80,1.456,78,2.659,77,1.031,78,2.942,75,3.137,70,1.851
D,Guilbert,4.5,4.5,Aston Villa,0,0,0,0,0,0,0,0,0,0,0,0,0,0,0,0
F,Wesley,5.4,5.4,Aston Villa,0,0,0,0,0,0,0,0,0,0,0,0,0,0,0,0
F,Samatta,5.5,5.5,Aston Villa,0,0,0,0,0,0,0,0,0,0,0,0,0,0,0,0
F,Davis,4.4,4.4,Aston Villa,0,0,2,0.106,3,0.145,3,0.173,4,0.201,2,0.116,3,0.177,4,0.199
M,Douglas Luiz,4.5,4.5,Aston Villa,29,0.912,39,1.195,48,1.286,55,1.751,67,1.719,69,2.294,70,2.4,68,1.925
M,Ramsey,4.5,4.5,Aston Villa,53,2.186,53,2.07,48,1.688,49,2.081,42,1.476,47,2.054,48,2.165,47,1.702
D,Young,4.7,4.7,Aston Villa,5,0.176,9,0.337,10,0.31,11,0.459,13,0.375,16,0.789,13,0.656,16,0.613
M,Lallana,5.4,5.4,Brighton,69,2.633,70,2.866,68,2.371,68,2.479,65,2.524,64,2.618,60,2.042,60,2.574
G,Steele,4,4,Brighton,84,3.415,0,0,1,0.038,2,0.078,2,0.084,1,0.045,1,0.037,2,0.091
M,GroÃŸ,5.9,5.9,Brighton,51,2.641,51,2.941,50,2.286,48,2.336,43,2.284,47,2.556,46,1.957,45,2.624
D,Duffy,4.4,4.4,Brighton,77,2.866,74,3.085,71,1.986,70,2.283,67,2.637,68,3.109,71,1.772,69,3.282
M,PrÃ¶pper,4.5,4.5,Brighton,0,0,0,0,0,0,0,0,0,0,0,0,0,0,0,0
D,Burn,4.4,4.4,Brighton,21,0.822,40,1.665,41,1.228,46,1.544,45,1.763,44,2,45,1.207,44,2.05
D,Dunk,5,5,Brighton,88,3.073,85,3.271,82,2.147,81,2.475,80,2.953,78,3.399,76,1.804,74,3.335
M,March,5.3,5.3,Brighton,42,1.773,38,1.741,43,1.672,41,1.663,41,1.74,42,1.843,45,1.646,40,1.823
D,Webster,4.4,4.4,Brighton,23,0.857,11,0.401,13,0.374,16,0.523,20,0.773,17,0.734,19,0.532,21,0.965
D,Veltman,4.4,4.4,Brighton,42,1.495,42,1.618,42,1.152,46,1.419,40,1.488,52,2.186,42,1.047,49,2.126
F,Maupay,6.5,6.5,Brighton,80,3.937,78,4.292,76,3.346,72,3.379,75,3.703,71,3.645,68,2.756,65,3.61
M,Trossard,6.5,6.5,Brighton,80,3.788,79,4.184,78,3.221,75,3.378,71,3.428,72,3.684,70,2.777,67,3.685
G,Ryan,4.5,4.5,Brighton,0,0,0,0,0,0,0,0,0,0,0,0,0,0,0,0
M,Jahanbakhsh,5.5,5.5,Brighton,0,0,0,0,0,0,0,0,0,0,0,0,0,0,0,0
D,White,4.4,4.4,Arsenal,88,1.476,84,3.793,84,2.004,83,3.022,82,3.103,79,2.641,77,2.36,77,3.199
D,Bernardo,4,4,Brighton,0,0,0,0,0,0,0,0,0,0,0,0,0,0,0,0
G,SÃ¡nchez,4.6,4.5,Brighton,0,0,87,3.632,86,3.193,85,3.281,85,3.537,87,3.884,86,3.127,85,3.822
M,Bissouma,4.4,4.4,Brighton,84,2.474,80,2.496,75,2.068,76,2.207,75,2.289,73,2.285,72,1.945,71,2.286
D,Lamptey,4.4,4.4,Brighton,66,2.577,63,2.711,65,1.966,62,2.169,65,2.649,50,2.405,54,1.546,54,2.673
F,Connolly,5.3,5.3,Brighton,17,0.978,19,1.143,21,1.121,25,1.354,21,1.172,23,1.349,23,1.101,18,1.094
M,Alzate,4.8,4.8,Brighton,0,0,0,0,0,0,0,0,0,0,0,0,0,0,0,0
M,Mac Allister,5.4,5.4,Brighton,28,1.389,29,1.541,31,1.409,31,1.465,31,1.512,27,1.409,34,1.435,29,1.56
M,Moder,4.5,4.5,Brighton,9,0.44,10,0.527,12,0.564,13,0.638,16,0.795,16,0.806,18,0.812,21,1.069
D,Jansson,4.7,4.7,Brentford,88,3.026,85,3.343,83,2.014,82,2.119,80,3.513,81,2.092,82,2.059,80,2.312
M,NÃ¸rgaard,5,5,Brentford,84,2.609,82,2.58,81,2.197,78,2.242,78,2.685,75,2.135,73,2.098,72,2.082
F,Toney,6.7,6.5,Brentford,85,4.609,84,4.323,81,3.358,80,3.799,79,4.848,78,3.548,75,3.463,75,3.251
M,Fosu,5.1,5.1,Brentford,5,0.268,2,0.102,2,0.094,3,0.149,1,0.055,4,0.198,6,0.302,4,0.194
G,Raya,4.5,4.5,Brentford,0,0,0,0,0,0,0,0,0,0,0,0,0,0,0,0
M,CanÃ³s,5.5,5.5,Brentford,76,3.222,70,2.974,69,2.476,68,2.621,71,3.328,70,2.603,64,2.425,69,2.528
M,Dasilva,5.3,5.3,Brentford,0,0,0,0,0,0,0,0,0,0,0,0,0,0,0,0
D,Henry,4.5,4.5,Brentford,86,3.103,85,3.439,79,2.062,81,2.219,79,3.547,80,2.2,76,2.094,73,2.3
M,Janelt,5,5,Brentford,70,2.387,68,2.354,65,1.987,65,2.065,65,2.457,58,1.871,61,1.94,58,1.869
M,Ghoddos,5.3,5.3,Brentford,38,1.784,21,1.048,26,1.139,27,1.236,24,1.307,26,1.174,28,1.247,26,1.158
M,Jensen,4.9,4.9,Brentford,16,0.792,25,1.192,24,1.044,25,1.132,27,1.397,28,1.221,30,1.295,30,1.276
D,Goode,3.9,3.9,Brentford,10,0.391,6,0.248,8,0.254,9,0.302,8,0.371,8,0.268,7,0.232,10,0.36
F,Forss,5.3,5.3,Brentford,15,0.917,16,0.962,17,0.889,22,1.201,21,1.374,25,1.301,24,1.289,24,1.219
D,Roerslev,4.3,4.3,Brentford,17,0.722,19,0.933,21,0.779,23,0.887,21,1.092,23,0.884,28,1.042,26,1.046
D,SÃ¸rensen,4.3,4.3,Brentford,0,0,0,0,0,0,0,0,0,0,0,0,0,0,0,0
D,Pinnock,4.7,4.7,Brentford,88,3.288,84,3.607,82,2.186,79,2.284,82,3.865,80,2.278,81,2.235,78,2.473
G,Balcombe,4,4,Brentford,0,0,0,0,0,0,0,0,0,0,0,0,0,0,0,0
M,Zamburek,4.5,4.5,Brentford,1,0.043,0,0,0,0,0,0,1,0.045,4,0.175,0,0,1,0.041
G,Gunnarsson,3.9,3.9,Brentford,0,0,0,0,0,0,0,0,0,0,0,0,0,0,0,0
F,DerviÅŸoÄŸlu,5.4,5.4,Brentford,0,0,0,0,0,0,0,0,0,0,0,0,0,0,0,0
M,Mbeumo,5.6,5.5,Brentford,79,4.304,77,4.117,75,3.22,72,3.462,71,4.423,68,3.175,69,3.23,69,3.108
M,Bidstrup,4.5,4.5,Brentford,0,0,0,0,3,0.122,0,0,0,0,1,0.04,1,0.04,5,0.209
D,Tarkowski,4.9,4.9,Burnley,89,3.06,86,2.57,83,2.368,82,2.634,80,2.2,80,3.359,81,2.109,77,2.918
D,Bardsley,3.9,3.9,Burnley,0,0,2,0.05,2,0.048,1,0.026,2,0.048,2,0.063,4,0.095,3,0.088
D,Pieters,4.3,4.3,Burnley,2,0.07,5,0.167,7,0.231,11,0.394,8,0.26,8,0.334,10,0.318,9,0.354
M,Cork,4.5,4.5,Burnley,46,1.601,47,1.561,46,1.483,48,1.623,51,1.644,50,1.83,50,1.576,53,1.792
M,Stephens,4.5,4.5,Burnley,0,0,0,0,0,0,0,0,0,0,0,0,0,0,0,0
D,Long,4,4,Burnley,0,0,1,0.041,2,0.077,1,0.043,4,0.139,2,0.094,4,0.135,5,0.202
F,Rodriguez,5.3,5.3,Burnley,11,0.63,12,0.673,15,0.775,16,0.927,16,0.897,20,1.268,21,1.095,21,1.182
F,Barnes,5.3,5.3,Burnley,6,0.343,13,0.701,10,0.536,13,0.753,12,0.687,13,0.848,11,0.597,13,0.776
D,Mee,4.9,4.9,Burnley,89,3.191,86,2.637,84,2.475,81,2.697,81,2.274,82,3.54,78,2.114,78,3.038
M,Westwood,5.3,5.3,Burnley,85,2.714,85,2.574,81,2.356,81,2.554,79,2.404,78,2.813,76,2.245,74,2.423
M,Gudmundsson,5.4,5.4,Burnley,54,2.315,52,2.148,53,2.071,50,2.14,50,2.074,53,2.533,48,1.933,53,2.281
F,Wood,6.7,6.7,Burnley,77,4.244,74,3.779,74,3.462,73,3.951,70,3.687,69,4.372,67,3.295,67,3.633
D,Lowton,4.4,4.4,Burnley,88,3.087,83,2.537,84,2.452,84,2.727,80,2.232,81,3.471,78,2.085,81,3.141
F,Vydra,5.2,5.2,Burnley,19,1.14,23,1.307,24,1.26,24,1.416,27,1.53,28,1.81,29,1.54,27,1.567
G,Pope,5.4,5.4,Burnley,89,3.631,89,3.413,87,3.319,88,3.504,86,3.221,87,3.781,86,3.186,85,3.62
D,Taylor,4.4,4.4,Burnley,88,2.971,85,2.514,82,2.355,77,2.485,79,2.154,78,3.215,79,2.057,79,2.958
G,Norris,4.4,4.4,Burnley,0,0,0,0,0,0,0,0,1,0.038,0,0,1,0.038,0,0
M,Brownhill,4.4,4.4,Burnley,71,2.473,68,2.258,71,2.238,70,2.414,70,2.327,66,2.587,71,2.285,68,2.408
M,Benson,4.5,4.5,Burnley,0,0,0,0,0,0,0,0,0,0,0,0,0,0,0,0
G,Peacock-Farrell,4.5,4.5,Burnley,0,0,0,0,0,0,0,0,0,0,0,0,0,0,0,0
M,McNeil,5.8,5.8,Burnley,86,3.227,82,2.944,83,2.799,79,2.975,81,2.901,77,3.317,77,2.687,73,2.836
D,Azpilicueta,5.9,5.9,Chelsea,48,2.319,48,2.333,49,2.75,50,2.171,54,2.977,52,3.075,43,2.243,54,2.685
F,Giroud,6.5,6.5,Chelsea,0,0,0,0,0,0,0,0,0,0,0,0,0,0,0,0
D,Thiago Silva,5.5,5.5,Chelsea,48,2.104,51,2.246,47,2.42,50,1.965,46,2.326,48,2.626,43,2.076,52,2.357
D,Alonso,5.6,5.6,Chelsea,7,0.386,15,0.922,21,1.529,18,1,25,1.827,29,2.198,33,2.121,35,2.208
M,Jorginho,5.8,5.8,Chelsea,73,2.827,63,2.341,61,2.452,57,2.015,60,2.432,59,2.428,54,2.02,60,2.24
M,Barkley,5.2,5.2,Chelsea,4,0.215,0,0,1,0.053,0,0,2,0.111,2,0.106,2,0.099,2,0.103
M,Kovacic,5.2,5.2,Chelsea,27,1.139,47,1.946,53,2.368,49,1.957,51,2.309,47,2.122,47,1.951,46,1.928
F,Batshuayi,5.5,5.5,Chelsea,0,0,0,0,0,0,0,0,0,0,0,0,0,0,0,0
D,RÃ¼diger,5.9,5.9,Chelsea,83,3.574,79,3.472,79,4.097,76,2.949,72,3.643,70,3.834,70,3.324,69,3.118
D,Zouma,5.4,5.4,West Ham,89,3.25,86,1.275,84,3.599,82,2.428,83,3.207,80,2.216,78,3.908,78,3.039
G,Arrizabalaga,4.8,4.8,Chelsea,0,0,0,0,2,0.098,1,0.043,1,0.048,2,0.102,4,0.188,3,0.136
M,KantÃ©,4.9,4.9,Chelsea,51,1.962,45,1.729,43,1.782,44,1.637,43,1.776,41,1.709,47,1.784,39,1.536
M,Ziyech,7.3,7.3,Chelsea,27,1.671,13,0.791,13,0.877,13,0.779,16,1.091,18,1.183,16,0.945,17,1.054
M,Loftus-Cheek,5.4,5.4,Chelsea,21,1.1,17,0.872,16,0.879,19,0.936,17,0.951,19,1.026,17,0.861,19,0.969
D,Christensen,5,5,Chelsea,67,2.779,66,2.804,64,3.169,61,2.285,62,2.988,59,3.103,66,3.077,57,2.476
F,Werner,8.6,8.6,Chelsea,35,1.953,43,2.416,47,2.86,45,2.385,50,3.189,50,3.014,46,2.468,49,2.765
D,Chilwell,6,5.8,Chelsea,80,4.147,76,4.006,72,4.47,75,3.515,73,4.497,66,4.29,64,3.557,62,3.346
F,Abraham,6.5,6.5,Chelsea,0,0,0,0,0,0,0,0,0,0,0,0,0,0,0,0
M,Pulisic,7.9,7.9,Chelsea,36,2.154,47,2.592,44,2.687,44,2.314,38,2.439,46,2.779,44,2.367,41,2.3
M,Mount,7.5,7.4,Chelsea,66,3.914,64,3.665,57,3.662,58,3.15,60,4.006,39,2.605,39,2.276,46,2.747
D,Ampadu,4.5,4.5,Chelsea,0,0,0,0,0,0,0,0,0,0,0,0,0,0,0,0
M,Hudson-Odoi,5.3,5.3,Chelsea,13,0.81,10,0.592,11,0.687,15,0.813,14,0.862,12,0.724,17,0.951,17,0.969
M,Havertz,8.1,8.1,Chelsea,61,3.838,57,3.364,53,3.49,48,2.713,55,3.742,48,3.185,49,2.822,47,2.837
D,James,5.9,5.9,Chelsea,74,4.164,72,4.114,71,4.81,68,3.496,64,4.319,67,4.698,67,4.024,66,3.866
G,Mendy,6.2,6.2,Chelsea,88,3.973,88,4.041,86,4.294,87,3.803,86,4.194,86,4.482,84,4.067,85,3.955
M,Gallagher,5.8,5.8,Crystal Palace,82,3.451,80,3.514,78,2.994,77,2.55,75,3.213,73,3.132,73,3.092,69,2.436
M,Gilmour,4.4,4.4,Norwich,23,0.895,29,1.082,30,1.1,33,1.11,28,0.999,28,1.039,35,1.147,38,1.264
G,Guaita,4.5,4.5,Crystal Palace,89,3.791,88,3.72,88,3.376,86,3.119,86,3.875,87,3.652,85,3.64,87,3.271
D,Tomkins,4.3,4.3,Crystal Palace,2,0.072,1,0.038,2,0.067,2,0.057,1,0.04,3,0.113,4,0.159,3,0.096
M,McArthur,4.5,4.5,Crystal Palace,78,2.684,75,2.704,73,2.458,72,2.138,71,2.618,71,2.565,70,2.576,67,2.145
F,Benteke,6.3,6.3,Crystal Palace,30,1.757,31,1.925,30,1.681,26,1.301,30,1.81,31,1.91,32,1.942,29,1.479
D,KouyatÃ©,4.5,4.5,Crystal Palace,48,1.95,42,1.791,47,1.548,42,1.099,44,2.072,50,2.029,49,2.087,50,1.535
D,Kelly,3.9,3.9,Crystal Palace,1,0.037,3,0.114,2,0.066,2,0.057,1,0.04,3,0.112,1,0.038,3,0.095
M,Milivojevic,5.4,5.4,Crystal Palace,55,2.177,53,2.224,51,1.943,52,1.753,47,1.989,46,1.921,49,2.07,49,1.736
F,Ayew,5.8,5.8,Crystal Palace,70,2.943,59,2.732,58,2.449,56,2.094,51,2.363,50,2.357,51,2.384,56,2.174
M,Zaha,7,7,Crystal Palace,81,4.34,75,4.39,73,3.744,72,3.071,70,4.123,61,3.6,60,3.525,62,2.867
M,Schlupp,5.4,5.4,Crystal Palace,18,0.895,15,0.777,18,0.878,20,0.884,22,1.105,19,0.966,24,1.199,18,0.832
G,Butland,4.4,4.4,Crystal Palace,0,0,1,0.042,0,0,1,0.036,1,0.045,0,0,2,0.085,1,0.038
M,Riedewald,4.8,4.8,Crystal Palace,5,0.227,2,0.094,3,0.137,5,0.217,5,0.228,7,0.315,4,0.185,5,0.219
D,Jach,4.3,4.3,Crystal Palace,0,0,1,0.047,1,0.041,1,0.036,0,0,1,0.047,2,0.092,2,0.076
F,Mateta,5.3,5.3,Crystal Palace,0,0,1,0.067,0,0,0,0,0,0,0,0,0,0,0,0
M,Eze,5.9,5.9,Crystal Palace,1,0.055,26,1.384,36,1.695,43,1.793,59,3.149,55,2.95,58,3.078,58,2.516
D,Ferguson,4.5,4.5,Crystal Palace,0,0,1,0.042,7,0.199,12,0.279,20,0.815,19,0.669,23,0.868,23,0.636
D,Mitchell,4.5,4.5,Crystal Palace,87,3.118,84,3.057,82,2.269,80,1.696,79,3.248,79,2.757,75,2.773,77,2.012
M,Delph,4.4,4.4,Everton,41,1.251,32,1.164,26,0.935,31,1.123,34,1.185,29,0.976,36,1.271,36,1.255
M,Sigurdsson,6.8,6.8,Everton,0,0,0,0,0,0,0,0,0,0,0,0,0,0,0,0
D,Coleman,4.9,4.9,Everton,67,1.04,62,2.289,60,1.436,59,2.075,63,2.147,59,1.377,63,2.385,61,2.34
M,James,6.9,6.9,Everton,0,0,0,0,0,0,0,0,0,0,0,0,0,0,0,0
M,Bernard,5.5,5.5,Everton,0,0,0,0,0,0,0,0,0,0,0,0,0,0,0,0
D,Digne,5.1,5.1,Everton,88,1.323,87,3.432,84,2.088,83,3.156,82,2.975,81,1.86,78,3.288,81,3.357
D,Keane,5,5,Everton,89,1.193,86,3.018,85,1.833,83,2.764,80,2.603,78,1.666,75,2.744,78,2.873
G,Pickford,5,5,Everton,89,3.135,88,3.569,88,3.143,87,3.473,88,3.475,87,3.103,85,3.499,85,3.537
M,Allan,4.6,4.6,Everton,85,2.031,83,2.42,77,2.058,78,2.284,72,2.105,76,1.913,73,2.224,69,2.096
M,AndrÃ© Gomes,4.9,4.9,Everton,0,0,0,0,0,0,0,0,0,0,0,0,0,0,0,0
M,DoucourÃ©,5.4,5.4,Everton,50,1.286,73,2.503,80,2.441,77,2.661,78,2.56,74,2.072,73,2.656,69,2.455
M,Iwobi,5.8,5.8,Everton,58,1.975,44,1.982,41,1.685,34,1.59,39,1.721,36,1.394,35,1.694,43,1.926
D,Mina,4.9,4.9,Everton,57,0.841,69,2.563,68,1.587,54,1.905,52,1.783,56,1.267,55,2.094,54,2.077
M,Davies,4.9,4.9,Everton,20,0.758,15,0.655,15,0.616,15,0.655,14,0.592,16,0.631,17,0.741,17,0.731
F,Calvert-Lewin,8,8,Everton,1,0.04,32,1.505,47,1.901,64,3.114,73,3.391,75,2.612,72,3.848,72,3.579
D,Holgate,4.2,4.2,Everton,0,0,0,0,0,0,28,0.967,30,1.012,30,0.702,28,1.035,29,1.083
D,Godfrey,4.8,4.8,Everton,52,0.743,49,1.712,53,1.158,48,1.606,49,1.579,50,1.078,53,1.877,52,1.878
F,Richarlison,7.4,7.4,Everton,83,2.75,76,3.416,71,2.736,68,2.942,68,2.693,67,2.175,64,2.934,61,2.663
G,VirgÃ­nia,4,4,Everton,0,0,0,0,0,0,0,0,0,0,0,0,0,0,0,0
M,HernÃ¡ndez,5.5,5.5,Leeds,0,0,0,0,0,0,0,0,0,0,0,0,0,0,0,0
G,Casilla,4.5,4.5,Leeds,0,0,0,0,0,0,0,0,0,0,0,0,0,0,0,0
D,Cooper,4.5,4.5,Leeds,86,2.053,83,2.455,82,3.001,80,3.111,78,1.395,74,0.787,76,2.276,71,0.863
D,Ayling,4.3,4.3,Leeds,0,0,0,0,0,0,0,0,11,0.202,20,0.239,31,1.003,61,0.826
M,Klich,5.4,5.4,Leeds,72,2.918,70,3.025,70,3.543,64,3.455,66,2.325,65,2.202,67,3.158,59,2.179
F,Rodrigo,6.3,6.3,Leeds,76,3.261,74,3.372,75,4.035,70,3.956,67,2.474,66,2.386,64,3.25,66,2.566
M,Dallas,5.1,5.1,Leeds,88,2.555,83,2.536,85,2.859,83,3.011,77,2.116,78,2.067,72,2.506,73,2.075
F,Bamford,7.7,7.7,Leeds,0,0,0,0,0,0,0,0,0,0,0,0,0,0,0,0
D,Llorente,4.5,4.5,Leeds,74,1.857,69,2.132,67,2.557,70,2.833,67,1.258,68,0.752,63,1.954,60,0.759
M,Phillips,4.8,4.8,Leeds,85,2.187,81,2.196,80,2.367,74,2.301,75,1.885,71,1.668,69,2.082,67,1.697
M,Costa,5.4,5.4,Leeds,0,0,0,0,0,0,0,0,0,0,0,0,0,0,0,0
M,Roberts,4.8,4.8,Leeds,61,2.527,65,2.803,57,2.903,59,3.126,56,2.042,57,1.976,54,2.559,53,1.983
D,Koch,4.3,4.3,Leeds,4,0.104,6,0.18,12,0.458,12,0.482,16,0.373,19,0.317,21,0.746,18,0.329
M,Poveda,4.5,4.5,Leeds,0,0,0,0,0,0,0,0,0,0,0,0,0,0,0,0
M,Raphinha,6.6,6.5,Leeds,83,3.688,82,3.942,78,4.557,78,4.739,76,2.821,75,2.674,72,3.852,72,2.821
M,Shackleton,4.5,4.5,Leeds,22,0.83,19,0.767,20,0.831,29,1.153,26,0.935,22,0.804,24,0.947,17,0.662
D,Struijk,4.4,4.4,Leeds,45,1.206,40,1.316,44,1.705,44,1.796,46,0.921,46,0.579,47,1.478,47,0.644
G,Meslier,5,5,Leeds,89,3.306,87,3.445,86,3.632,86,3.696,86,3.084,86,3.119,86,3.382,86,3.095
G,Schmeichel,5,5,Leicester,89,3.326,89,4.031,89,3.403,87,3.372,87,3.863,85,3.46,86,3.542,86,3.066
D,Evans,5.4,5.4,Leicester,75,1.941,72,3.246,66,1.846,66,1.973,66,2.865,68,2.299,66,2.226,62,0.789
M,Albrighton,5.2,5.2,Leicester,0,0,0,0,0,0,0,0,0,0,0,0,0,0,0,0
M,Mendy,4.4,4.4,Leicester,0,0,0,0,0,0,0,0,0,0,0,0,0,0,0,0
G,Ward,4,4,Leicester,0,0,0,0,0,0,1,0.039,1,0.045,4,0.163,1,0.042,2,0.072
F,Vardy,10.8,10.8,Leicester,83,3.604,81,5.509,79,4.102,77,4.079,75,5.137,75,4.135,74,3.779,74,2.769
M,Praet,4.9,4.9,Leicester,0,0,0,0,0,0,0,0,0,0,0,0,0,0,0,0
D,Pereira,5.3,5.3,Leicester,82,2.39,81,4.158,79,2.517,71,2.484,72,3.658,73,2.841,71,2.802,72,1.1
D,Amartey,3.9,3.9,Leicester,39,1.152,45,2.111,44,1.359,46,1.507,47,2.141,39,1.438,46,1.665,47,0.725
D,Castagne,5.3,5.3,Leicester,85,2.297,82,3.943,80,2.374,79,2.509,75,3.537,74,2.671,67,2.435,72,1.04
M,Tielemans,6.5,6.5,Leicester,40,1.316,70,3.287,75,2.748,74,2.79,75,3.48,73,2.871,70,2.632,70,2.065
M,PÃ©rez,5.8,5.8,Leicester,23,1.143,22,1.471,20,1.078,22,1.208,23,1.519,26,1.44,28,1.457,27,1.156
M,Maddison,6.6,6.6,Leicester,71,3.116,65,4.347,65,3.282,65,3.333,63,4.157,60,3.283,60,3.112,57,2.173
F,Iheanacho,7,7,Leicester,50,2.323,53,3.551,46,2.474,51,2.717,46,3.095,48,2.656,43,2.288,46,1.867
M,Choudhury,4.4,4.4,Leicester,4,0.16,1,0.042,2,0.08,1,0.039,3,0.13,3,0.122,3,0.121,4,0.157
M,Barnes,6.5,6.5,Leicester,32,1.493,39,2.589,44,2.261,36,1.938,42,2.737,40,2.204,37,1.955,43,1.708
M,Ndidi,4.8,4.8,Leicester,85,2.274,78,2.747,73,2.108,71,2.097,71,2.479,68,2.081,71,2.124,70,1.688
D,SÃ¶yÃ¼ncÃ¼,4.9,4.9,Leicester,86,2.203,83,3.75,80,2.245,79,2.365,77,3.393,76,2.588,73,2.485,75,0.951
D,Justin,4.9,4.9,Leicester,0,0,3,0.145,3,0.107,6,0.21,12,0.564,12,0.451,16,0.588,12,0.213
D,Thomas,4.3,4.3,Leicester,10,0.323,9,0.408,12,0.413,17,0.618,15,0.707,19,0.756,25,0.98,23,0.465
D,Fofana,4.3,4.3,Leicester,0,0,0,0,0,0,0,0,0,0,0,0,0,0,0,0
M,Milner,4.9,4.9,Liverpool,7,0.387,17,0.973,24,1.275,19,1.014,23,1.348,25,1.55,28,1.374,29,1.656
M,Henderson,5,5,Liverpool,81,3.146,78,3.227,78,2.999,76,2.884,75,3.208,72,3.234,69,2.487,65,2.852
G,AdriÃ¡n,4.4,4.4,Liverpool,0,0,0,0,0,0,0,0,0,0,0,0,1,0.041,0,0
D,Matip,5,5,Liverpool,50,2.283,47,2.316,48,2.249,44,2.02,49,2.487,50,2.798,49,1.934,48,2.351
M,Thiago,5.3,5.3,Liverpool,66,2.579,58,2.422,58,2.266,55,2.132,55,2.358,52,2.404,55,2.04,57,2.423
M,Shaqiri,5.9,5.9,Liverpool,0,0,0,0,0,0,0,0,0,0,0,0,0,0,0,0
M,Chamberlain,5.8,5.8,Liverpool,20,1.06,22,1.216,19,1.007,25,1.273,22,1.252,26,1.579,26,1.267,26,1.44
F,Firmino,8.8,8.8,Liverpool,0,0,0,0,0,0,0,0,9,0.54,22,1.479,26,1.358,45,2.879
D,van Dijk,6.7,6.7,Liverpool,87,3.98,83,4.074,83,3.923,83,3.795,79,4.038,80,4.518,77,3.085,79,3.952
M,ManÃ©,11.9,11.9,Liverpool,84,6.032,82,6.428,80,5.347,79,5.206,76,6.218,76,6.966,75,4.731,74,6.151
G,Alisson,6,6,Liverpool,88,3.911,88,4.03,86,3.941,86,3.88,87,4.072,86,4.248,84,3.54,85,3.889
M,Fabinho,5.4,5.4,Liverpool,77,2.506,71,2.475,67,2.214,73,2.338,71,2.48,68,2.538,63,1.945,62,2.168
M,Salah,13,12.7,Liverpool,85,7.683,83,8.208,80,6.629,81,6.617,80,8.203,79,9.156,75,5.774,74,7.807
D,Robertson,7,7,Liverpool,85,4.217,84,4.467,80,4.067,80,3.946,77,4.374,76,4.783,76,3.308,76,4.175
F,Origi,4.9,4.9,Liverpool,19,1.254,19,1.391,19,1.232,22,1.408,23,1.665,16,1.317,16,1.043,13,1.021
M,Minamino,5.1,5.1,Liverpool,9,0.577,11,0.757,12,0.785,12,0.762,12,0.862,12,0.903,15,0.897,11,0.785
D,Alexander-Arnold,7.7,7.6,Liverpool,85,5.172,83,5.471,80,4.857,80,4.722,77,5.345,78,6.061,76,3.956,75,5.105
D,Gomez,4.7,4.7,Liverpool,0,0,4,0.131,6,0.2,7,0.234,10,0.379,9,0.357,10,0.321,8,0.285
M,Keita,5,5,Liverpool,0,0,0,0,0,0,0,0,0,0,0,0,0,0,0,0
M,Jota,7.5,7.5,Liverpool,79,5.035,78,5.37,75,4.551,74,4.429,69,5.06,63,5.234,61,3.554,62,4.725
D,Phillips,4.2,4.2,Liverpool,0,0,0,0,0,0,0,0,0,0,1,0.057,1,0.047,1,0.053
G,Kelleher,4.4,4.4,Liverpool,0,0,0,0,2,0.092,2,0.09,1,0.047,2,0.098,2,0.084,3,0.137
D,KonatÃ©,5.1,5.1,Liverpool,41,1.785,43,1.99,41,1.853,44,1.93,42,2.013,41,2.142,42,1.618,42,1.949
M,Jones,5,5,Liverpool,10,0.506,24,1.246,30,1.43,29,1.384,26,1.389,26,1.496,32,1.448,32,1.616
D,Tsimikas,3.9,3.9,Liverpool,3,0.134,4,0.194,6,0.281,6,0.277,6,0.303,9,0.51,8,0.346,8,0.413
D,N.Williams,3.9,3.9,Liverpool,0,0,0,0,0,0,0,0,0,0,0,0,1,0.042,0,0
D,R.Williams,4.4,4.4,Liverpool,0,0,0,0,0,0,0,0,0,0,0,0,0,0,0,0
D,Davies,4,4,Liverpool,0,0,0,0,0,0,0,0,0,0,0,0,0,0,0,0
D,Walker,5.5,5.5,Man City,81,4.493,78,3.654,76,3.507,72,3.761,72,3.91,65,3.306,68,3.477,66,3.337
M,GÃ¼ndogan,7.2,7.2,Man City,40,2.535,47,2.812,47,2.671,50,3.071,51,3.111,52,3.34,47,2.889,49,3.005
M,De Bruyne,11.9,11.9,Man City,73,5.848,73,5.546,72,5.182,70,5.651,69,5.414,66,5.459,67,5.225,66,5.279
D,Stones,5.3,5.3,Man City,63,3.796,68,3.544,64,3.268,60,3.423,63,3.743,63,3.575,61,3.424,55,3.047
D,Mendy,5.3,5.3,Man City,0,0,0,0,0,0,0,0,0,0,0,0,0,0,0,0
M,Mahrez,8.6,8.6,Man City,18,1.667,24,2.101,22,1.852,26,2.382,33,2.927,29,2.781,33,2.963,30,2.716
M,Sterling,10.6,10.6,Man City,48,3.903,46,3.548,51,3.686,53,4.263,50,3.991,51,4.301,49,3.946,50,4.019
D,Cancelo,6.5,6.3,Man City,79,5.243,77,4.386,71,3.932,73,4.616,70,4.528,69,4.332,68,4.222,69,4.236
G,Ederson,6,6,Man City,89,4.598,88,4.063,88,4.04,86,4.234,85,4.316,85,4.089,85,4.127,84,4.04
D,AkÃ©,4.8,4.8,Man City,6,0.342,8,0.402,12,0.579,15,0.813,13,0.716,21,1.164,25,1.421,28,1.587
D,Laporte,5.5,5.5,Man City,33,2.002,25,1.295,35,1.808,42,2.401,37,2.191,36,2.04,33,1.869,40,2.202
G,Steffen,4.5,4.5,Man City,0,0,0,0,0,0,2,0.1,3,0.154,3,0.146,2,0.098,3,0.146
M,Bernardo,7.1,7.1,Man City,68,3.556,64,3.188,64,3.061,60,3.208,60,3.146,59,3.195,57,3.031,60,3.19
D,Dias,6.1,6.1,Man City,85,4.726,83,3.889,79,3.66,77,4.037,78,4.235,75,3.836,75,3.842,74,3.741
F,Jesus,8.7,8.7,Man City,72,4.543,65,4.054,68,3.985,66,4.272,63,4.007,66,4.421,63,4.07,59,3.806
D,Zinchenko,5.3,5.3,Man City,14,0.784,17,0.878,23,1.193,24,1.371,28,1.657,27,1.542,27,1.536,24,1.341
M,Foden,8.3,8.2,Man City,73,6.219,71,5.751,64,4.849,63,5.19,61,5.042,60,5.073,59,4.717,58,4.661
M,Rodrigo,5.5,5.5,Man City,85,3.611,84,3.305,81,3.089,81,3.37,77,3.214,76,3.353,76,3.149,74,3.073
M,Harrison,5.6,5.6,Leeds,71,2.744,68,2.789,70,3.28,66,3.226,67,2.266,64,2.103,62,2.734,64,2.218
M,Torres,6.7,6.7,Man City,0,0,0,0,0,0,0,0,3,0.258,10,1.004,11,1.061,26,2.471
F,Cavani,8.4,8.4,Man Utd,21,1.447,29,1.388,32,1.978,37,2.344,32,2.112,34,2.026,30,1.887,33,2.103
G,de Gea,5,5,Man Utd,87,3.87,87,3.246,85,3.592,86,3.896,86,3.89,85,3.636,86,3.936,84,3.656
M,Matic,4.5,4.5,Man Utd,14,0.614,11,0.447,12,0.516,14,0.615,14,0.613,15,0.636,20,0.84,22,0.91
M,Pogba,7.5,7.5,Man Utd,0,0,55,1.935,57,2.632,60,3.016,57,2.866,57,2.642,58,2.831,57,2.783
D,Maguire,5.4,5.4,Man Utd,87,3.841,83,2.125,84,3.226,79,3.587,80,3.657,81,3.189,79,3.569,75,3.194
M,Fred,4.9,4.9,Man Utd,79,2.637,60,1.696,60,1.975,56,1.971,60,2.116,58,1.918,56,1.925,56,1.908
D,Shaw,5.2,5.2,Man Utd,84,4.401,81,2.347,79,3.707,79,4.192,77,4.261,75,3.521,74,3.932,71,3.562
M,Lingard,6.8,6.8,Man Utd,4,0.239,2,0.091,2,0.109,3,0.174,4,0.239,4,0.222,4,0.234,6,0.362
M,Fernandes,11.7,11.7,Man Utd,80,5.15,76,3.076,74,4.304,71,4.517,73,4.717,69,3.986,68,4.148,68,4.297
F,Martial,7.6,7.6,Man Utd,0,0,0,0,0,0,0,0,0,0,0,0,1,0.071,2,0.148
D,Telles,5,5,Man Utd,5,0.256,12,0.435,10,0.489,13,0.735,10,0.55,10,0.508,13,0.735,15,0.83
G,Henderson,4.8,4.8,Man Utd,0,0,0,0,1,0.043,0,0,0,0,2,0.086,1,0.046,3,0.131
M,Rashford,9.4,9.4,Man Utd,40,2.686,36,1.671,35,2.155,31,2.139,35,2.391,33,2.05,33,2.173,32,2.162
M,van de Beek,5.7,5.7,Man Utd,4,0.204,1,0.041,2,0.094,3,0.149,4,0.205,7,0.36,6,0.31,8,0.426
D,Tuanzebe,4.5,4.5,Aston Villa,16,0.583,21,0.7,24,0.544,28,1.03,29,0.503,31,1.261,33,1.448,36,1.029
D,LindelÃ¶f,4.8,4.8,Man Utd,88,3.702,78,2.008,71,2.667,70,3.06,61,2.655,63,2.437,64,2.819,57,2.31
M,McTominay,5.4,5.4,Man Utd,85,3.268,66,2.026,67,2.475,67,2.662,64,2.58,65,2.456,62,2.493,58,2.337
D,Bailly,4.9,4.9,Man Utd,35,1.638,30,0.904,20,0.812,18,0.818,15,0.672,9,0.356,8,0.34,13,0.55
M,James,6,6,Leeds,30,1.392,33,1.556,34,1.806,37,1.988,42,1.605,40,1.494,47,2.181,42,1.616
D,Wan-Bissaka,5.2,5.2,Man Utd,87,3.823,83,2.152,83,3.186,79,3.546,82,3.659,76,3.025,74,3.363,76,3.185
M,Greenwood,7.4,7.4,Man Utd,55,3.416,48,2.108,49,2.878,44,2.797,47,2.981,45,2.62,48,2.914,49,3.033
D,Williams,4,4,Norwich,20,0.666,20,0.707,19,0.625,25,0.607,17,0.459,22,0.739,22,0.488,26,0.76
M,Shelvey,5.3,5.3,Newcastle,5,0.22,7,0.273,6,0.286,7,0.31,10,0.404,14,0.502,15,0.543,18,0.696
D,Ritchie,4.9,4.9,Newcastle,84,3.647,82,1.997,80,4.171,76,3.545,77,2.096,75,0.943,71,1.252,69,1.981
D,Clark,4.4,4.4,Newcastle,85,2.957,80,1.643,74,3.177,74,2.885,74,1.697,71,0.697,72,1.042,72,1.7
G,Darlow,4.5,4.5,Newcastle,1,0.041,1,0.036,2,0.087,6,0.252,7,0.252,8,0.29,8,0.285,9,0.325
G,Dubravka,4.4,4.4,Newcastle,87,3.585,87,3.162,86,3.803,82,3.534,81,2.975,80,2.94,80,2.891,79,2.905
F,Wilson,7.3,7.3,Newcastle,82,4.511,78,3.259,77,4.821,76,4.323,75,3.338,72,2.642,74,2.768,73,3.269
M,Hendrick,4.8,4.8,Newcastle,1,0.042,2,0.081,3,0.135,3,0.131,3,0.125,4,0.164,4,0.164,4,0.168
M,Fraser,5.3,5.3,Newcastle,20,1.05,35,1.49,33,1.809,33,1.717,38,1.615,38,1.423,36,1.396,41,1.718
D,Lascelles,4.4,4.4,Newcastle,84,2.753,80,1.515,80,3.235,76,2.767,75,1.571,77,0.61,74,0.948,73,1.595
F,Gayle,5.3,5.3,Newcastle,3,0.194,4,0.217,6,0.429,5,0.335,5,0.287,7,0.352,6,0.3,6,0.346
D,Dummett,4.5,4.5,Newcastle,0,0,0,0,0,0,0,0,0,0,0,0,0,0,0,0
D,Manquillo,4,4,Newcastle,67,2.437,71,1.521,65,2.855,61,2.454,60,1.46,57,0.645,57,0.92,61,1.528
D,Krafth,4.3,4.3,Newcastle,56,2.088,55,1.285,58,2.562,54,2.201,54,1.368,61,0.696,58,0.953,57,1.473
M,Murphy,4.9,4.9,Newcastle,22,1.036,18,0.788,24,1.207,28,1.32,28,1.15,30,1.098,29,1.097,25,1.042
D,SchÃ¤r,4.3,4.3,Newcastle,0,0,0,0,2,0.101,2,0.093,3,0.099,4,0.08,4,0.097,3,0.1
M,Hayden,4.5,4.5,Newcastle,73,2.24,69,1.828,71,2.341,72,2.215,66,1.787,63,1.55,64,1.605,57,1.585
F,Saint-Maximin,6.8,6.8,Newcastle,80,3.617,75,2.797,76,3.816,77,3.583,71,2.77,70,2.396,70,2.407,65,2.594
M,AlmirÃ³n,5.2,5.2,Newcastle,68,2.775,68,2.323,65,2.937,61,2.619,62,2.215,66,2.014,60,1.938,57,2.088
M,S.Longstaff,4.5,4.5,Newcastle,58,2.228,50,1.692,53,2.229,54,2.122,57,1.896,47,1.463,56,1.697,57,1.9
F,Joelinton,5.8,5.8,Newcastle,22,1.1,35,1.432,33,1.76,29,1.493,34,1.445,34,1.309,34,1.305,37,1.589
D,Lewis,4.3,4.3,Newcastle,5,0.15,6,0.13,7,0.25,12,0.449,11,0.277,13,0.191,16,0.307,19,0.53
M,M.Longstaff,4.5,4.5,Newcastle,0,0,0,0,0,0,0,0,0,0,0,0,0,0,0,0
G,McGovern,4,4,Norwich,0,0,0,0,0,0,0,0,0,0,0,0,0,0,1,0.037
G,Krul,4.5,4.5,Norwich,89,3.395,88,3.434,88,3.343,87,3.082,86,3.074,87,3.299,87,3.09,86,3.152
F,Pukki,5.8,5.8,Norwich,81,4.169,78,3.921,77,3.887,76,3.126,72,3.216,72,3.804,73,3.072,68,3.268
M,Stiepermann,5,5,Norwich,0,0,0,0,0,0,0,0,0,0,0,0,0,0,0,0
M,Rupp,4.4,4.4,Norwich,18,0.865,22,1.033,24,1.107,21,0.893,25,1.054,23,1.062,25,1.037,27,1.153
M,McLean,4.9,4.9,Norwich,70,2.298,70,2.321,66,2.217,63,1.894,66,2.056,67,2.269,65,1.936,58,1.899
D,Hanley,4.4,4.4,Norwich,3,0.084,28,0.865,37,1.027,57,1.088,71,1.488,71,2.078,73,1.186,69,1.693
M,HernÃ¡ndez,4.9,4.9,Norwich,0,0,0,0,0,0,0,0,0,0,0,0,0,0,0,0
D,Byram,4.4,4.4,Norwich,0,0,0,0,0,0,0,0,0,0,0,0,0,0,0,0
F,Hugill,5.4,5.4,Norwich,0,0,0,0,0,0,0,0,0,0,0,0,0,0,0,0
M,Dowell,5.2,5.2,Norwich,57,2.623,54,2.476,49,2.263,48,1.914,47,1.986,52,2.469,45,1.822,46,2.031
D,Zimmermann,4.4,4.4,Norwich,0,0,0,0,0,0,0,0,1,0.02,1,0.025,2,0.035,3,0.067
M,Cantwell,5.3,5.3,Norwich,0,0,0,0,0,0,0,0,0,0,0,0,0,0,0,0
D,Aarons,4.3,4.3,Norwich,88,2.619,85,2.705,86,2.454,82,1.621,81,1.757,81,2.448,80,1.36,79,1.999
D,SÃ¸rensen,4.3,4.3,Norwich,9,0.323,6,0.221,6,0.213,5,0.149,8,0.242,4,0.147,5,0.139,7,0.232
M,Placheta,4.8,4.8,Norwich,9,0.464,11,0.571,10,0.518,15,0.701,14,0.678,15,0.792,17,0.791,15,0.751
F,Idah,4.9,4.9,Norwich,11,0.629,15,0.82,17,0.928,17,0.802,20,0.954,19,1.021,19,0.894,21,1.037
M,Martin,5,5,Norwich,0,0,0,0,0,0,0,0,0,0,0,0,0,0,0,0
D,Omobamidele,3.9,3.9,Norwich,69,1.97,59,1.801,59,1.621,50,0.964,47,1,50,1.456,43,0.738,47,1.164
M,Walcott,5.8,5.8,Southampton,5,0.295,5,0.249,4,0.236,7,0.411,8,0.427,9,0.505,11,0.7,14,0.757
G,Forster,4.4,4.4,Southampton,0,0,1,0.036,0,0,3,0.131,4,0.149,2,0.081,2,0.087,3,0.111
G,McCarthy,4.6,4.6,Southampton,89,3.879,88,3.151,87,3.592,85,3.732,84,3.145,86,3.472,85,3.721,85,3.156
M,Romeu,4.5,4.5,Southampton,84,2.495,80,1.899,78,2.258,78,2.288,76,1.969,72,2.006,73,2.244,72,1.877
M,Redmond,5.9,5.9,Southampton,41,1.978,53,1.899,54,2.542,52,2.405,50,1.99,51,2.157,50,2.459,54,2.123
F,Ings,7.7,7.7,Aston Villa,22,1.232,30,1.627,32,1.454,39,2.398,51,2.204,57,3.485,52,3.335,50,2.306
D,Stephens,4.4,4.4,Southampton,0,0,9,0.143,22,0.781,32,1.269,52,1.333,59,1.88,57,2.367,58,1.405
M,S.Armstrong,5.8,5.8,Southampton,59,2.896,54,1.973,52,2.516,52,2.487,51,2.078,57,2.372,55,2.824,49,2.042
D,Vestergaard,4.8,4.8,Leicester,21,0.652,21,1.023,28,0.957,32,1.146,29,1.433,33,1.316,33,1.276,32,0.576
M,Ward-Prowse,6.3,6.3,Southampton,66,3.148,85,2.787,82,3.829,84,3.856,78,2.948,81,3.335,77,3.865,78,2.966
D,Walker-Peters,4.8,4.8,Southampton,82,3.396,78,1.196,75,2.863,70,2.928,71,1.891,68,2.257,67,2.938,72,1.8
D,Bednarek,4.4,4.4,Southampton,88,3.248,79,1.032,68,2.293,65,2.472,55,1.309,49,1.478,53,2.088,48,1.087
F,Nlundulu,4.5,4.5,Southampton,0,0,0,0,0,0,0,0,0,0,0,0,0,0,0,0
F,Adams,6.8,6.8,Southampton,71,3.778,67,2.627,69,3.665,65,3.386,62,2.769,65,3.104,64,3.607,63,2.862
M,Tella,4.7,4.7,Southampton,1,0.051,1,0.045,2,0.105,3,0.155,6,0.298,1,0.048,4,0.224,4,0.199
M,Smallbone,4.5,4.5,Southampton,3,0.135,2,0.083,1,0.043,2,0.087,1,0.041,3,0.13,4,0.188,5,0.224
F,Obafemi,4.5,4.5,Southampton,0,0,0,0,0,0,0,0,0,0,0,0,0,0,0,0
M,Diallo,4.5,4.5,Southampton,12,0.514,8,0.328,11,0.467,10,0.427,13,0.519,13,0.528,13,0.552,14,0.56
M,Djenepo,5.3,5.3,Southampton,14,0.766,8,0.373,11,0.601,13,0.7,15,0.731,16,0.806,17,0.955,19,0.912
D,Salisu,4.5,4.5,Southampton,88,3.447,85,1.143,82,2.865,76,3.036,70,1.773,67,2.127,68,2.886,68,1.625
G,Hart,4.5,4.5,Spurs,0,0,0,0,0,0,0,0,0,0,0,0,0,0,0,0
G,Lloris,5.4,5.4,Spurs,89,3.794,87,3.706,87,3.913,87,4.116,86,3.562,86,3.356,87,3.171,85,3.732
M,Sissoko,4.5,4.5,Watford,85,2.271,73,2.079,74,2.004,72,1.875,71,2.07,73,2.136,72,2.23,72,2.037
D,Alderweireld,5,5,Spurs,0,0,0,0,0,0,0,0,0,0,0,0,0,0,0,0
M,Lamela,6,6,Spurs,0,0,0,0,0,0,0,0,0,0,0,0,0,0,0,0
F,Kane,12.2,12.2,Spurs,85,5.681,83,5.002,80,5.432,79,6.039,79,4.205,78,4.322,77,3.98,74,4.823
D,Aurier,4.9,4.9,Spurs,0,0,0,0,0,0,0,0,0,0,0,0,0,0,0,0
M,Son,10.3,10.3,Spurs,83,5.642,81,5.121,80,5.786,78,6.372,77,4.349,76,4.372,73,3.855,72,4.974
D,Doherty,4.7,4.7,Spurs,23,1.168,27,1.318,25,1.355,28,1.68,31,1.379,29,1.188,32,1.088,33,1.724
D,Dier,4.5,4.5,Spurs,86,3.465,84,3.297,81,3.657,80,4.023,82,2.871,80,2.469,81,1.911,81,3.453
M,Lucas Moura,6.4,6.4,Spurs,60,3.19,50,2.551,47,2.653,49,3.023,48,2.258,52,2.446,47,2.098,49,2.673
M,Dele,6.4,6.4,Spurs,38,1.964,21,1.117,23,1.325,24,1.526,28,1.347,27,1.344,31,1.412,32,1.746
D,Davies,4.4,4.4,Spurs,74,2.971,75,2.938,71,3.186,73,3.652,73,2.59,70,2.193,65,1.591,61,2.606
M,HÃ¸jbjerg,4.9,4.9,Spurs,86,2.64,82,2.481,80,2.582,78,2.711,76,2.191,74,2.105,76,2.012,72,2.303
M,Winks,4.4,4.4,Spurs,8,0.354,1,0.045,3,0.136,2,0.094,5,0.217,5,0.217,6,0.255,6,0.265
D,SÃ¡nchez,4.5,4.5,Spurs,6,0.247,11,0.422,19,0.823,17,0.793,19,0.672,18,0.566,25,0.637,27,1.142
D,Sessegnon,4.3,4.3,Spurs,0,0,0,0,0,0,0,0,0,0,0,0,0,0,0,0
M,Bergwijn,5.9,5.9,Spurs,8,0.475,10,0.587,13,0.827,12,0.829,16,0.873,16,0.901,22,1.123,19,1.154
D,ReguilÃ³n,5,5,Spurs,85,3.957,81,3.642,80,4.148,78,4.535,77,3.075,76,2.691,72,2.023,72,3.543
D,Tanganga,4.3,4.3,Spurs,0,0,3,0.122,4,0.172,4,0.183,6,0.227,8,0.284,6,0.19,12,0.536
M,Lo Celso,5.9,5.9,Spurs,34,1.699,25,1.273,28,1.516,31,1.782,27,1.264,27,1.271,29,1.281,32,1.641
M,Skipp,4.5,4.5,Spurs,0,0,69,1.984,67,2.034,64,2.062,65,1.814,63,1.719,58,1.505,58,1.742
D,Rodon,4.3,4.3,Spurs,0,0,0,0,2,0.099,1,0.054,0,0,1,0.042,2,0.071,4,0.18
M,Ndombele,5.8,5.8,Spurs,58,2.693,33,1.591,35,1.786,40,2.118,36,1.569,40,1.709,37,1.527,41,1.951
G,Foster,4.1,4,Watford,89,3.205,88,3.182,87,3.13,86,3.071,85,3.195,84,3.228,84,3.374,83,3.106
D,Rose,4.2,4.2,Watford,48,1.023,52,1.105,52,1.062,52,0.67,53,1.401,50,1.413,51,1.633,58,1.465
M,Gosling,4.8,4.8,Watford,8,0.361,4,0.176,5,0.212,4,0.168,7,0.319,7,0.323,8,0.379,6,0.268
D,Cathcart,4.4,4.4,Watford,87,1.743,85,1.671,84,1.628,81,0.983,78,1.997,77,2.107,76,2.321,78,1.893
F,Deeney,5.4,5.4,Watford,0,0,0,0,0,0,0,0,0,0,0,0,0,0,0,0
M,Cleverley,4.8,4.8,Watford,76,2.668,51,1.948,54,1.9,55,1.841,56,2.192,56,2.227,51,2.172,54,2.028
D,FemenÃ­a,4.3,4.3,Watford,66,1.621,65,1.577,65,1.541,59,0.96,62,1.855,57,1.828,60,2.119,55,1.609
F,Gray,5.4,5.4,Watford,0,0,0,0,0,0,0,0,0,0,0,0,0,0,0,0
D,Kabasele,4.3,4.3,Watford,0,0,0,0,0,0,0,0,0,0,0,0,0,0,0,0
M,Chalobah,5,5,Watford,0,0,0,0,0,0,0,0,0,0,0,0,0,0,0,0
M,Hughes,4.7,4.7,Crystal Palace,1,0.049,4,0.198,4,0.193,4,0.182,5,0.243,8,0.387,4,0.196,10,0.44
D,Troost-Ekong,4.4,4.4,Watford,88,1.709,84,1.625,83,1.593,81,0.958,80,1.973,81,2.11,78,2.298,77,1.842
F,Perica,4.5,4.5,Watford,0,0,0,0,0,0,0,0,0,0,0,0,0,0,0,0
G,Bachmann,4.3,4.3,Watford,0,0,1,0.036,2,0.072,4,0.143,5,0.188,6,0.23,5,0.2,8,0.298
D,Masina,4.3,4.3,Watford,41,1.087,37,1,37,0.963,37,0.683,36,1.162,40,1.338,38,1.412,31,0.979
M,Sema,5.2,5.2,Watford,0,0,0,0,0,0,0,0,0,0,0,0,0,0,0,0
M,Zinckernagel,5.5,5.5,Watford,0,0,0,0,0,0,0,0,0,0,0,0,0,0,0,0
F,Success,5,5,Watford,0,0,0,0,0,0,0,0,0,0,0,0,0,0,0,0
M,Dele-Bashiru,4.5,4.5,Watford,0,0,0,0,0,0,0,0,0,0,0,0,0,0,0,0
F,Fletcher,4.9,4.9,Watford,0,0,1,0.051,0,0,1,0.047,1,0.052,1,0.053,3,0.172,3,0.154
D,Sierralta,4.3,4.3,Watford,3,0.096,6,0.164,6,0.16,13,0.208,14,0.393,11,0.33,16,0.515,10,0.276
M,Quina,4.5,4.5,Watford,0,0,0,0,0,0,0,0,0,0,0,0,0,0,0,0
D,Navarro,4,4,Watford,0,0,0,0,0,0,0,0,0,0,0,0,0,0,0,0
M,Sarr,6.1,6.1,Watford,85,3.446,83,3.292,81,2.896,79,2.697,77,3.26,78,3.401,75,3.544,75,3.006
D,Ngakia,4.3,4.3,Watford,22,0.725,22,0.723,23,0.74,27,0.66,25,0.916,29,1.086,26,1.054,31,1.072
D,Wilmot,4.5,4.5,Watford,0,0,0,0,0,0,0,0,0,0,0,0,0,0,0,0
M,Hungbo,4.5,4.5,Watford,0,0,0,0,0,0,0,0,0,0,0,0,0,0,0,0
M,Louza,5.2,5.2,Watford,7,0.313,2,0.085,5,0.212,4,0.168,4,0.178,5,0.225,5,0.229,8,0.356
F,JoÃ£o Pedro,5.4,5.4,Watford,46,2.035,46,2.021,47,1.862,50,1.899,46,2.08,47,2.187,44,2.13,44,1.899
M,Baah,4.4,4.4,Watford,0,0,0,0,0,0,0,0,0,0,0,0,0,0,0,0
M,Noble,4.4,4.4,West Ham,18,0.866,7,0.312,9,0.481,9,0.426,16,0.817,12,0.582,12,0.709,14,0.748
G,Randolph,4.4,4.4,West Ham,0,0,1,0.036,0,0,0,0,1,0.044,0,0,1,0.048,1,0.043
G,Fabianski,5,5,West Ham,89,3.665,86,3.015,87,3.776,87,3.308,86,3.587,86,3.199,85,3.931,85,3.511
D,Ogbonna,5,5,West Ham,0,0,0,0,0,0,0,0,0,0,0,0,0,0,0,0
D,Reid,3.9,3.9,West Ham,0,0,0,0,0,0,0,0,0,0,0,0,0,0,0,0
D,Cresswell,5.5,5.5,West Ham,86,3.624,84,1.494,81,4.023,82,2.744,79,3.561,79,2.546,82,4.908,79,3.584
M,Yarmolenko,5.2,5.2,West Ham,5,0.302,8,0.403,8,0.534,10,0.549,11,0.71,12,0.693,10,0.748,12,0.811
F,Antonio,8.2,8.2,West Ham,84,4.244,80,3.028,80,4.643,79,3.502,76,4.322,74,3.613,76,5.476,75,4.616
D,Dawson,4.9,4.9,West Ham,87,3.216,83,1.27,81,3.557,81,2.433,79,3.147,76,2.186,78,4.031,75,3.024
D,Fredericks,4.4,4.4,West Ham,0,0,2,0.056,1,0.045,2,0.074,1,0.043,2,0.073,4,0.196,3,0.129
M,Lanzini,5.8,5.8,West Ham,19,0.981,18,0.823,17,0.988,20,0.985,23,1.293,21,1.064,26,1.638,24,1.383
D,Masuaku,4.4,4.4,West Ham,4,0.164,6,0.162,8,0.36,8,0.29,13,0.558,12,0.439,10,0.503,13,0.59
D,Coufal,4.8,4.8,West Ham,65,2.48,63,1.026,60,2.665,60,1.864,68,2.773,59,1.724,59,3.056,59,2.4
M,Benrahma,6.4,6.4,West Ham,74,3.651,71,2.636,72,4.006,70,3.051,69,3.721,70,3.242,69,4.614,68,3.916
M,Bowen,6.3,6.3,West Ham,77,4.06,74,2.878,75,4.485,75,3.432,75,4.303,71,3.523,71,5.187,72,4.451
M,Rice,5,5,West Ham,66,2.087,86,2.214,81,2.818,82,2.392,79,2.649,80,2.385,79,3.116,79,2.737
M,Soucek,5.8,5.8,West Ham,87,3.014,83,2.313,86,3.361,83,2.644,79,3.026,80,2.67,80,3.759,78,3.146
M,Fornals,6,6,West Ham,84,3.358,82,2.539,79,3.568,79,2.85,75,3.309,75,2.862,75,4.021,74,3.449
D,Diop,4.3,4.3,West Ham,1,0.034,5,0.086,9,0.36,10,0.295,10,0.372,13,0.366,12,0.562,16,0.612
D,Johnson,4,4,West Ham,36,1.438,36,0.706,38,1.697,37,1.236,34,1.403,35,1.095,36,1.828,35,1.448
M,Moutinho,5,5,Wolves,81,2.803,78,2.976,75,2.975,72,2.271,69,1.934,67,2.287,67,2.124,68,2.824
G,PatrÃ­cio,5,5,Wolves,0,0,0,0,0,0,0,0,0,0,0,0,0,0,0,0
D,Boly,4.9,4.9,Wolves,5,0.193,13,0.534,13,0.574,22,0.55,21,0.36,24,0.845,21,0.643,28,1.347
D,Coady,4.5,4.5,Wolves,89,2.711,86,3.256,86,3.579,81,1.649,81,1.031,80,2.495,84,2.235,82,3.526
F,JimÃ©nez,7.7,7.7,Wolves,70,3.777,81,4.813,80,4.889,79,3.573,78,2.802,76,3.598,72,3.02,75,4.918
D,SaÃ¯ss,5,5,Wolves,87,2.897,84,3.572,84,3.868,81,1.801,81,1.072,80,2.655,81,2.247,78,3.778
D,MarÃ§al,4.4,4.4,Wolves,33,1.198,61,2.695,61,2.954,62,1.566,59,0.996,64,2.315,56,1.779,54,2.729
D,Jonny,4.5,4.5,Wolves,0,0,0,0,0,0,0,0,0,0,0,0,0,0,0,0
M,Dendoncker,4.8,4.8,Wolves,22,0.933,25,1.108,31,1.375,35,1.242,37,1.174,38,1.389,34,1.234,34,1.487
M,TraorÃ©,5.8,5.8,Wolves,62,2.638,59,2.757,57,2.75,57,2.158,58,1.917,54,2.179,54,2.056,56,2.878
M,Neves,5.4,5.4,Wolves,75,2.606,75,2.876,68,2.723,69,2.125,68,1.826,64,2.121,68,2.091,64,2.702
D,Semedo,4.9,4.9,Wolves,86,2.946,81,3.491,81,3.798,79,1.858,81,1.164,76,2.635,74,2.211,74,3.641
M,Podence,5.5,5.5,Wolves,18,0.99,20,1.158,20,1.214,22,1.073,20,0.886,22,1.118,24,1.128,25,1.509
D,Kilman,4.5,4.5,Wolves,87,2.729,83,3.277,81,3.517,79,1.657,78,1.005,76,2.429,76,2.073,73,3.321
M,Gibbs-White,4.5,4.5,Wolves,0,0,0,0,0,0,0,0,0,0,0,0,0,0,0,0
M,Neto,6.4,6.4,Wolves,0,0,0,0,6,0.357,10,0.475,18,0.751,26,1.277,26,1.191,32,1.959
M,Otasowie,4.5,4.5,Wolves,0,0,0,0,0,0,0,0,0,0,0,0,0,0,0,0
D,Hoever,3.9,3.9,Wolves,3,0.115,5,0.209,7,0.315,7,0.239,7,0.202,9,0.354,13,0.493,8,0.371
G,SÃ¶ndergaard,4,4,Wolves,0,0,0,0,0,0,0,0,0,0,0,0,0,0,0,0
F,Fabio Silva,5.7,5.7,Wolves,1,0.056,2,0.119,4,0.242,3,0.156,4,0.189,2,0.105,3,0.15,4,0.27
D,Mosquera,4.5,4.5,Wolves,0,0,0,0,0,0,0,0,0,0,0,0,0,0,0,0
F,Welbeck,6,6,Brighton,0,0,0,0,0,0,0,0,11,0.509,22,1.039,25,1.02,47,2.442
G,Gunn,4,4,Norwich,0,0,1,0.04,1,0.039,2,0.072,3,0.109,1,0.039,2,0.072,2,0.075
M,Rashica,5.2,5.2,Norwich,56,2.623,53,2.442,52,2.381,52,2.045,50,2.144,52,2.491,49,1.971,46,2.057
F,Dennis,5.2,5.2,Watford,63,2.403,64,2.397,60,2.082,63,2.109,61,2.375,58,2.329,60,2.56,59,2.194
D,Collins,4.3,4.3,Burnley,1,0.045,6,0.209,9,0.288,14,0.469,16,0.472,16,0.672,16,0.455,18,0.698
G,Ruddy,4.4,4.4,Wolves,0,0,0,0,3,0.137,1,0.037,0,0,2,0.082,2,0.077,2,0.093
M,Fernandinho,4.8,4.8,Man City,5,0.242,5,0.24,7,0.33,7,0.339,10,0.479,11,0.538,15,0.726,16,0.753
D,Pollock,4,4,Watford,0,0,0,0,0,0,0,0,0,0,0,0,0,0,0,0
F,Daka,7.1,7.1,Leicester,13,0.69,11,0.785,16,0.884,18,1.003,20,1.3,23,1.263,22,1.177,21,0.935
D,Gibson,4.4,4.4,Norwich,87,2.431,71,2.205,67,1.864,60,1.158,56,1.178,55,1.599,52,0.87,53,1.297
D,Giannoulis,4.4,4.4,Norwich,25,0.892,20,0.751,21,0.736,23,0.611,31,0.845,23,0.828,31,0.7,24,0.759
M,SoumarÃ©,4.8,4.8,Leicester,48,1.551,29,1.215,29,1.078,32,1.186,31,1.27,33,1.235,33,1.201,35,1.109
M,Mata,4.8,4.8,Man Utd,0,0,0,0,0,0,0,0,0,0,0,0,0,0,0,0
D,Perraud,4.9,4.9,Southampton,19,0.867,13,0.276,17,0.709,25,1.193,19,0.612,23,0.89,24,1.201,22,0.69
M,TrincÃ£o,5.8,5.8,Wolves,38,2,36,2.067,38,2.202,37,1.693,36,1.438,36,1.732,38,1.68,37,2.267
M,Mwepu,5.9,5.9,Brighton,44,1.512,49,1.819,49,1.636,54,1.811,51,1.802,47,1.744,49,1.559,44,1.686
D,Firpo,4.8,4.8,Leeds,68,1.877,84,2.744,78,3.388,76,3.514,75,1.568,77,0.958,73,2.603,64,1.042
M,Olise,5.4,5.4,Crystal Palace,25,1.242,27,1.395,25,1.206,30,1.278,28,1.423,33,1.609,30,1.492,33,1.38
D,FernÃ¡ndez,4.3,4.3,Newcastle,22,0.785,22,0.524,23,0.985,34,1.352,30,0.763,31,0.392,33,0.56,37,0.929
D,Tavares,4.3,4.3,Arsenal,86,1.608,38,1.992,37,1.155,38,1.632,42,1.891,42,1.69,40,1.51,43,2.078
M,Etebo,4.4,4.4,Watford,0,0,0,0,0,0,0,0,0,0,0,0,0,0,0,0
F,King,5.6,5.6,Watford,73,3.168,69,3.003,69,2.659,67,2.531,67,3.096,64,3.072,65,3.31,64,2.762
F,Mebude,4.5,4.5,Watford,0,0,0,0,0,0,0,0,0,0,0,0,0,0,0,0
D,Ait Nouri,4.3,4.3,Wolves,52,2.031,30,1.456,28,1.455,29,0.887,32,0.693,28,1.129,33,1.166,36,1.95
M,Lees-Melou,4.9,4.9,Norwich,32,1.294,34,1.351,34,1.368,39,1.363,33,1.232,38,1.536,38,1.343,39,1.489
F,Cucho,5,5,Watford,20,0.996,21,1.05,23,1.032,24,1.05,27,1.303,31,1.495,31,1.568,30,1.347
D,Bertrand,4.7,4.7,Leicester,1,0.04,2,0.104,5,0.178,7,0.246,8,0.366,6,0.235,11,0.4,10,0.19
D,Ward,4.5,4.5,Crystal Palace,88,2.92,86,2.925,81,2.097,80,1.57,75,2.936,76,2.505,75,2.633,73,1.805
G,SÃ¡,5,5,Wolves,88,3.556,87,3.807,85,3.895,86,3.126,87,3.101,85,3.462,86,3.308,86,3.985
G,Scherpen,4.5,4.5,Brighton,25,1.016,0,0,0,0,0,0,0,0,0,0,1,0.037,2,0.091
D,GuÃ©hi,4.5,4.5,Crystal Palace,89,3.078,85,3,85,2.258,78,1.61,82,3.311,79,2.686,80,2.877,79,1.998
M,Sambi Lokonga,4.8,4.8,Arsenal,69,1.98,69,2.617,63,1.921,65,2.165,65,2.263,62,2.089,58,1.927,59,2.136
M,Onyeka,4.9,4.9,Brentford,37,1.506,39,1.562,37,1.338,36,1.361,38,1.636,42,1.501,42,1.471,42,1.492
G,Hennessey,4.5,4.5,Burnley,0,0,0,0,2,0.078,1,0.041,2,0.077,2,0.089,2,0.076,3,0.13
G,BegoviÄ‡,4,4,Everton,0,0,1,0.041,1,0.036,1,0.041,1,0.04,1,0.036,4,0.168,4,0.169
M,Townsend,5.6,5.6,Everton,80,2.483,76,3.092,75,2.678,75,2.992,70,2.714,66,2.165,67,2.903,65,2.703
D,Ajer,4.5,4.5,Brentford,0,0,0,0,0,0,0,0,0,0,0,0,0,0,2,0.062
M,Gray,5.7,5.7,Everton,76,2.489,72,3.115,70,2.673,65,2.84,60,2.552,64,2.214,65,3.032,62,2.785
M,Sancho,8.9,8.9,Man Utd,14,0.999,13,0.689,11,0.726,13,0.915,14,0.984,11,0.721,12,0.815,19,1.311
G,Gollini,4.3,4.3,Spurs,0,0,1,0.043,1,0.045,1,0.048,2,0.084,2,0.079,1,0.037,3,0.133
M,Bryan,5.7,5.7,Spurs,0,0,2,0.105,4,0.23,4,0.246,4,0.205,4,0.209,7,0.365,9,0.533
D,Andersen,4.5,4.5,Crystal Palace,64,2.221,86,3.035,81,2.173,85,1.695,82,3.306,75,2.573,75,2.736,78,1.962
G,Areola,4.8,4.8,West Ham,0,0,1,0.036,1,0.045,1,0.039,1,0.043,1,0.038,1,0.047,2,0.085
G,Klaesson,4.4,4.4,Leeds,0,0,1,0.04,2,0.084,2,0.086,2,0.072,2,0.073,2,0.078,2,0.072
D,Livramento,4.5,4.3,Southampton,70,2.849,83,1.224,82,2.996,79,3.297,83,2.102,80,2.577,81,3.467,78,1.892
M,Bailey,6.4,6.4,Aston Villa,63,3.519,58,3.058,56,2.419,60,3.528,56,2.294,51,3.068,52,3.272,54,2.397
D,Clyne,4.3,4.3,Crystal Palace,0,0,0,0,1,0.026,0,0,0,0,0,0,0,0,0,0
D,Romero,4.9,4.9,Spurs,84,3.172,82,3.029,79,3.365,79,3.769,74,2.483,76,2.215,75,1.661,71,2.9
M,Kucka,5.5,5.5,Watford,0,0,73,2.154,73,2.02,70,1.849,71,2.189,70,2.168,69,2.278,67,2.01
M,Ramsey,4.5,4.5,Aston Villa,0,0,1,0.048,1,0.046,1,0.05,0,0,0,0,2,0.101,1,0.046
M,Philogene-Bidace,5,5,Aston Villa,0,0,0,0,1,0.043,1,0.049,1,0.044,1,0.049,1,0.049,1,0.043
D,Thompson,4.4,4.4,Brentford,1,0.037,2,0.079,1,0.031,1,0.032,7,0.313,4,0.13,7,0.229,5,0.171
M,Baptiste,4.9,4.9,Brentford,10,0.46,27,1.147,26,1.037,31,1.222,31,1.379,29,1.142,29,1.133,29,1.138
F,Andone,5,5,Brighton,0,0,0,0,0,0,0,0,0,0,0,0,0,0,0,0
D,Sarr,4.9,4.9,Chelsea,0,0,2,0.095,2,0.103,4,0.167,6,0.284,6,0.299,10,0.447,8,0.345
D,Kenny,4.4,4.4,Everton,2,0.053,2,0.078,3,0.096,1,0.039,1,0.038,1,0.032,3,0.119,1,0.04
M,Gordon,4.5,4.5,Everton,21,0.875,17,0.858,16,0.763,15,0.763,12,0.6,18,0.774,17,0.88,22,1.068
M,Gbamin,4.5,4.5,Everton,7,0.29,5,0.224,5,0.218,5,0.222,6,0.262,6,0.25,9,0.394,9,0.387
M,Dewsbury-Hall,4.5,4.5,Leicester,2,0.085,1,0.049,0,0,1,0.046,1,0.049,2,0.09,3,0.132,1,0.041
M,Elliott,5.3,5.3,Liverpool,0,0,0,0,0,0,0,0,0,0,0,0,0,0,0,0
M,Palmer,4.5,4.5,Man City,0,0,0,0,0,0,0,0,0,0,0,0,0,0,0,0
M,Edozie,4.8,4.8,Man City,0,0,0,0,0,0,0,0,1,0.056,0,0,0,0,0,0
G,Heaton,4,4,Man Utd,0,0,0,0,0,0,0,0,0,0,0,0,0,0,1,0.044
D,Dalot,4.4,4.4,Man Utd,4,0.182,10,0.359,12,0.546,14,0.702,10,0.476,16,0.761,16,0.82,15,0.748
M,Pereira,5,5,Man Utd,0,0,0,0,0,0,0,0,0,0,0,0,0,0,0,0
M,Elanga,4.8,4.8,Man Utd,0,0,0,0,0,0,0,0,0,0,0,0,0,0,0,0
G,Woodman,4.5,4.5,Newcastle,0,0,0,0,0,0,0,0,0,0,0,0,0,0,0,0
G,Gillespie,4,4,Newcastle,0,0,0,0,0,0,0,0,0,0,0,0,0,0,0,0
D,Mumba,4,4,Norwich,0,0,0,0,0,0,1,0.027,0,0,1,0.033,0,0,0,0
F,Sargent,5.4,5.4,Norwich,61,2.422,58,2.294,60,2.37,56,1.982,55,2.038,54,2.206,52,1.89,55,2.107
M,Elyounoussi,5.5,5.5,Southampton,73,3.524,65,2.363,65,3.221,60,2.911,63,2.563,61,2.712,60,3.146,58,2.418
F,Broja,5,5,Southampton,35,2.013,37,1.613,33,1.902,38,2.075,39,1.819,41,2.047,39,2.243,38,1.825
F,Long,5.4,5.4,Southampton,0,0,1,0.049,0,0,0,0,3,0.16,1,0.056,1,0.063,1,0.054
F,Scarlett,4.5,4.5,Spurs,0,0,0,0,0,0,0,0,0,0,0,0,0,0,0,0
D,Alves,4,4,West Ham,0,0,0,0,0,0,0,0,0,0,0,0,0,0,0,0
M,Coventry,4.5,4.5,West Ham,0,0,0,0,0,0,0,0,0,0,0,0,0,0,0,0
F,Cutrone,5,5,Wolves,0,0,0,0,0,0,0,0,0,0,0,0,0,0,0,0
M,Wissa,5.9,5.9,Brentford,5,0.305,10,0.604,16,0.847,13,0.747,16,1.095,16,0.909,19,1.065,22,1.184
F,A.Armstrong,5.9,5.9,Southampton,71,4.125,68,2.763,69,3.947,66,3.653,66,3.076,63,3.181,64,3.877,63,3.017
M,Chukwuemeka,4.5,4.5,Aston Villa,0,0,1,0.043,0,0,0,0,1,0.041,0,0,1,0.046,1,0.041
D,Chalobah,4.9,4.9,Chelsea,27,1.271,26,1.22,30,1.67,38,1.593,32,1.741,38,2.198,36,1.837,34,1.664
M,Tzolis,4.8,4.8,Norwich,34,1.553,33,1.499,34,1.524,35,1.39,37,1.501,38,1.684,34,1.351,37,1.552
F,Lukaku,11.5,11.5,Chelsea,38,2.335,74,4.479,81,5.604,81,4.653,78,5.642,74,4.991,78,4.491,74,4.551
F,Balogun,4.8,4.8,Arsenal,0,0,0,0,1,0.048,1,0.051,1,0.055,2,0.109,2,0.105,4,0.225
M,Nelson,5,5,Arsenal,0,0,0,0,0,0,0,0,0,0,0,0,0,0,0,0
G,Hein,4,4,Arsenal,0,0,0,0,0,0,0,0,0,0,0,0,0,0,0,0
F,Richardson,4.5,4.5,Burnley,0,0,0,0,0,0,0,0,0,0,0,0,0,0,0,0
D,Thomas,4,4,Burnley,0,0,0,0,0,0,0,0,1,0.026,0,0,0,0,2,0.063
F,Zeqiri,4.5,4.5,Brighton,0,0,0,0,0,0,0,0,0,0,0,0,0,0,0,0
D,Karbownik,4,4,Brighton,0,0,0,0,0,0,0,0,0,0,0,0,0,0,0,0
M,Richards,4.5,4.5,Brighton,0,0,0,0,0,0,0,0,0,0,1,0.045,1,0.043,1,0.047
M,Caicedo,4.5,4.5,Brighton,0,0,0,0,0,0,0,0,0,0,0,0,0,0,0,0
D,Emerson,4.5,4.5,Chelsea,0,0,0,0,0,0,0,0,0,0,0,0,0,0,0,0
D,Hannam,4,4,Crystal Palace,0,0,0,0,2,0.052,1,0.022,0,0,1,0.029,0,0,1,0.025
M,Rak-Sakyi,4.5,4.5,Crystal Palace,0,0,0,0,0,0,0,0,0,0,0,0,0,0,0,0
F,Street,4.5,4.5,Crystal Palace,0,0,0,0,0,0,0,0,0,0,0,0,0,0,0,0
M,Banks,4.5,4.5,Crystal Palace,0,0,0,0,0,0,0,0,0,0,0,0,0,0,0,0
D,Branthwaite,4,4,Everton,1,0.029,1,0.044,2,0.066,0,0,0,0,0,0,2,0.084,1,0.044
F,Broadhead,4.5,4.5,Everton,0,0,0,0,0,0,0,0,0,0,0,0,0,0,0,0
D,Valery,4,4,Southampton,9,0.384,2,0.055,3,0.121,5,0.209,3,0.103,4,0.15,3,0.131,6,0.196
M,Cundle,4.5,4.5,Wolves,0,0,0,0,0,0,0,0,0,0,1,0.047,0,0,0,0
M,Campbell,4.5,4.5,Wolves,0,0,0,0,0,0,0,0,0,0,0,0,0,0,0,0
D,Marques,4,4,Wolves,0,0,0,0,0,0,0,0,0,0,0,0,0,0,0,0
F,Greenwood,4.5,4.5,Leeds,0,0,0,0,0,0,1,0.059,0,0,0,0,1,0.056,1,0.051
M,Summerville,4.5,4.5,Leeds,10,0.488,15,0.757,18,0.98,20,1.07,15,0.674,17,0.73,17,0.875,19,0.833
M,Forshaw,4.5,4.5,Leeds,8,0.347,9,0.392,9,0.418,9,0.423,15,0.594,14,0.553,15,0.688,16,0.629
M,Woodburn,4.5,4.5,Liverpool,0,0,0,0,0,0,0,0,0,0,0,0,0,0,0,0
D,Baptiste,4,4,West Ham,0,0,0,0,1,0.032,1,0.026,2,0.062,3,0.077,2,0.074,2,0.063
D,Varane,5.5,5.5,Man Utd,0,0,14,0.378,31,1.22,45,2.039,66,3.016,78,3.15,79,3.627,78,3.319
G,FernÃ¡ndez,4.5,4.5,Brentford,88,3.608,87,3.774,86,3.16,87,3.241,86,3.81,86,3.204,85,3.168,84,3.268
M,Tufan,5,5,Watford,76,2.298,52,1.767,45,1.512,49,1.537,46,1.659,46,1.669,50,1.845,51,1.724
M,Ã˜degaard,5.5,5.5,Arsenal,25,1.075,27,1.55,25,1.171,28,1.391,29,1.573,34,1.743,29,1.475,29,1.586
G,Ramsdale,4.7,4.7,Arsenal,89,3.207,88,4.092,88,3.288,87,3.782,86,3.718,86,3.562,87,3.49,87,3.91
D,Roberts,4,4,Brighton,0,0,0,0,0,0,0,0,0,0,0,0,1,0.037,0,0
G,Matthews,4,4,Crystal Palace,0,0,0,0,1,0.039,1,0.036,1,0.045,0,0,1,0.043,1,0.038
D,Drameh,4,4,Leeds,0,0,0,0,0,0,1,0.03,0,0,1,0.014,1,0.026,1,0.015
D,Cresswell,4,4,Leeds,3,0.104,2,0.08,4,0.171,4,0.178,4,0.112,5,0.102,6,0.212,6,0.123
F,Kean,6,6,Everton,0,0,0,0,0,0,0,0,0,0,0,0,0,0,0,0
D,Dodgson,4,4,Burnley,0,0,0,0,0,0,2,0.057,0,0,1,0.033,2,0.05,0,0
M,Doyle,4.5,4.5,Man City,0,0,0,0,0,0,0,0,0,0,0,0,0,0,0,0
D,Lyanco,4.5,4.5,Southampton,0,0,1,0.016,2,0.057,2,0.061,2,0.046,1,0.026,1,0.031,2,0.045
F,Archer,4.5,4.5,Aston Villa,0,0,0,0,0,0,0,0,0,0,0,0,0,0,0,0
D,Stevens,4,4,Brentford,1,0.041,1,0.043,4,0.135,3,0.106,2,0.091,4,0.14,1,0.036,2,0.074
D,Nkounkou,4,4,Everton,0,0,0,0,0,0,0,0,0,0,0,0,0,0,0,0
G,Lonergan,4,4,Everton,0,0,0,0,0,0,0,0,0,0,0,0,0,0,0,0
G,Okonkwo,4,4,Arsenal,0,0,0,0,0,0,0,0,0,0,0,0,0,0,0,0
G,Jakupovic,4,4,Leicester,0,0,0,0,0,0,0,0,1,0.045,0,0,2,0.083,1,0.036
G,Elliot,4,4,Watford,0,0,0,0,0,0,0,0,0,0,0,0,0,0,0,0
M,Lennon,5,5,Burnley,4,0.196,6,0.291,6,0.281,9,0.45,7,0.344,10,0.542,9,0.436,10,0.506
M,McCarron,4.5,4.5,Leeds,1,0.031,1,0.031,1,0.033,2,0.067,2,0.059,3,0.087,2,0.064,2,0.059
F,Gelhardt,4.5,4.5,Leeds,2,0.101,4,0.209,4,0.231,4,0.236,4,0.187,3,0.138,5,0.277,5,0.24
M,Cornet,6,6,Burnley,71,3.22,70,2.927,67,2.645,65,2.898,65,2.732,64,3.227,64,2.548,65,2.89
F,Ronaldo,12.4,12.4,Man Utd,82,6.074,80,3.624,78,5.249,75,5.508,74,5.492,74,4.905,74,5.153,69,5.058
D,Kabak,4.5,4.5,Norwich,61,1.796,73,2.321,74,2.111,63,1.251,58,1.266,53,1.61,59,1.013,61,1.549
M,Normann,4.5,4.5,Norwich,72,2.201,67,2.063,65,1.987,65,1.805,66,1.86,65,1.993,64,1.739,62,1.829
M,Vlasic,5.8,5.8,West Ham,13,0.742,21,0.988,20,1.262,18,0.951,22,1.359,24,1.314,25,1.798,24,1.529
F,Hwang,5.8,5.7,Wolves,77,3.353,72,3.404,70,3.423,70,2.706,67,2.241,59,2.439,58,2.212,54,2.903
D,Cucurella,5,5,Brighton,71,2.818,73,3.258,73,2.203,63,2.243,68,2.863,62,3.057,61,1.69,65,3.31
D,Roberts,4.5,4.5,Burnley,4,0.178,5,0.2,6,0.221,9,0.346,9,0.308,10,0.469,10,0.325,9,0.389
F,Edouard,6.5,6.5,Crystal Palace,71,3.555,67,3.621,64,3.117,62,2.574,56,3.012,58,3.179,56,3.011,54,2.409
M,Lookman,6,6,Leicester,42,1.808,40,2.357,42,1.968,37,1.806,40,2.342,38,1.916,37,1.78,37,1.437
D,Emerson Royal,4.9,4.9,Spurs,75,3.387,72,3.13,73,3.643,71,3.986,69,2.667,69,2.382,69,1.871,65,3.091
M,Kral,4.4,4.4,West Ham,2,0.084,1,0.04,1,0.044,2,0.082,3,0.128,5,0.202,3,0.138,3,0.13
D,Tomiyasu,4.6,4.6,Arsenal,85,1.455,84,3.85,80,1.959,78,2.908,78,3.026,78,2.65,79,2.425,78,3.288
F,RondÃ³n,6,6,Everton,12,0.557,9,0.529,11,0.583,6,0.361,7,0.403,4,0.204,4,0.253,5,0.307
M,SaÃºl,5.1,5.1,Chelsea,5,0.249,3,0.146,2,0.102,6,0.285,4,0.208,9,0.474,8,0.392,8,0.407
G,Carson,3.9,3.9,Man City,0,0,0,0,0,0,0,0,0,0,0,0,0,0,0,0
D,Zanka,4.5,4.5,Brentford,67,2.271,83,3.262,81,1.979,81,2.095,79,3.45,78,2.042,77,1.978,77,2.239
F,Locadia,4.4,4.4,Brighton,4,0.236,4,0.256,5,0.275,5,0.291,6,0.355,6,0.378,5,0.261,4,0.253
G,Sinisalo,4,4,Aston Villa,0,0,0,0,0,0,0,0,1,0.036,0,0,0,0,0,0
M,Markanday,4.5,4.5,Spurs,0,0,0,0,0,0,0,0,0,0,0,0,0,0,0,0
D,Omole,4,4,Spurs,0,0,0,0,0,0,0,0,0,0,0,0,0,0,0,0
M,White,4.5,4.5,Newcastle,0,0,0,0,0,0,0,0,0,0,0,0,0,0,0,0
M,Kenneh,4.4,4.4,Leeds,0,0,0,0,0,0,0,0,0,0,0,0,0,0,0,0
M,McKinstry,4.4,4.4,Leeds,0,0,0,0,0,0,0,0,0,0,0,0,0,0,0,0
F,Simms,4.5,4.5,Everton,0,0,0,0,0,0,0,0,0,0,0,0,0,0,0,0
D,Mbete,4,4,Man City,0,0,0,0,0,0,0,0,0,0,1,0.036,0,0,0,0
D,Wilson-Esbrand,4,4,Man City,0,0,0,0,0,0,0,0,0,0,0,0,0,0,1,0.035
M,Lavia,4.5,4.5,Man City,0,0,0,0,0,0,0,0,0,0,0,0,0,0,0,0
G,Bettinelli,4,4,Chelsea,0,0,0,0,0,0,0,0,0,0,0,0,0,0,0,0
F,Dobbin,4.5,4.5,Everton,0,0,0,0,0,0,0,0,0,0,0,0,0,0,0,0
D,Hjelde,4,4,Leeds,0,0,0,0,0,0,0,0,0,0,0,0,0,0,0,0
M,Anderson,4.5,4.5,Newcastle,0,0,0,0,0,0,0,0,0,0,0,0,0,0,0,0
D,Bogarde,4,4,Aston Villa,0,0,0,0,0,0,1,0.028,0,0,0,0,0,0,3,0.071
G,Moulden,4,4,Wolves,0,0,0,0,0,0,0,0,0,0,0,0,0,0,0,0
M,Sarmiento,4.5,4.5,Brighton,0,0,0,0,0,0,0,0,0,0,0,0,0,0,0,0
M,Whitaker,4.5,4.5,Everton,0,0,0,0,0,0,0,0,0,0,0,0,0,0,0,0
M,Maghoma,4.5,4.5,Brentford,0,0,0,0,0,0,0,0,0,0,0,0,0,0,0,0
G,Slicker,4,4,Man City,0,0,0,0,0,0,0,0,0,0,0,0,0,0,0,0
G,Tyrer,4,4,Everton,0,0,0,0,0,0,0,0,0,0,0,0,0,0,0,0
D,Ashby,4,4,West Ham,0,0,0,0,0,0,0,0,0,0,0,0,0,0,0,0
D,Nkoulou,4.5,4.5,Watford,1,0.021,3,0.063,4,0.084,4,0.063,5,0.125,10,0.28,8,0.234,11,0.292
G,Cox,4,4,Brentford,0,0,0,0,0,0,0,0,0,0,0,0,0,0,0,0
M,Morton,4.5,4.5,Liverpool,0,0,0,0,0,0,0,0,0,0,0,0,0,0,0,0
G,Storer,4,4,Wolves,0,0,0,0,0,0,0,0,0,0,0,0,0,0,0,0
F,Tosun,5,5,Everton,0,0,0,0,0,0,0,0,0,0,0,0,0,0,0,0
D,Welch,4,4,Everton,0,0,0,0,0,0,0,0,0,0,0,0,0,0,0,0
M,Bate,4.5,4.5,Leeds,0,0,0,0,0,0,0,0,0,0,0,0,0,0,0,0
M,Baker,99.9,99.9,Chelsea,0,0,0,0,0,0,0,0,1,0.054,0,0,0,0,0,0
M,Musonda Jr ,99.9,99.9,Chelsea,0,0,0,0,0,0,0,0,0,0,0,0,0,0,0,0
F,Clarke,99.9,99.9,Spurs,0,0,0,0,0,0,0,0,0,0,0,0,0,0,0,0
M,Baluta,99.9,99.9,Brighton,0,0,0,0,0,0,0,0,0,0,0,0,0,0,0,0
G,Lewis,99.9,99.9,Southampton,0,0,0,0,0,0,1,0.044,0,0,0,0,1,0.044,0,0
F,Valencia,99.9,99.9,Brentford,0,0,0,0,0,0,0,0,0,0,0,0,0,0,0,0
D,Jeanvier,99.9,99.9,Brentford,2,0.088,1,0.048,1,0.038,2,0.076,3,0.145,4,0.137,4,0.137,3,0.113
D,Racic,99.9,99.9,Brentford,3,0.126,3,0.134,3,0.103,4,0.138,3,0.143,3,0.106,3,0.105,4,0.146
G,Karius,99.9,99.9,Liverpool,0,0,0,0,0,0,0,0,0,0,0,0,0,0,0,0
D,Jones,99.9,99.9,Man Utd,14,0.581,17,0.462,16,0.601,16,0.682,7,0.3,5,0.202,5,0.222,5,0.209
F,Diallo,99.9,99.9,Man Utd,0,0,0,0,0,0,0,0,0,0,0,0,0,0,0,0
G,Grant,99.9,99.9,Man Utd,0,0,0,0,0,0,0,0,0,0,0,0,0,0,0,0
D,Benkovic,99.9,99.9,Leicester,0,0,0,0,0,0,0,0,0,0,0,0,0,0,0,0
D,Buur,99.9,99.9,Wolves,0,0,0,0,0,0,0,0,0,0,0,0,0,0,0,0
M,JordÃ£o,99.9,99.9,Wolves,0,0,0,0,0,0,0,0,0,0,0,0,0,0,0,0
G,Martin,99.9,99.9,West Ham,0,0,0,0,0,0,0,0,0,0,0,0,0,0,0,0
D,Bushiri,99.9,99.9,Norwich,0,0,1,0.042,1,0.04,1,0.034,1,0.035,1,0.041,2,0.059,2,0.071
M,Peart-Harris,99.9,99.9,Brentford,0,0,0,0,0,0,0,0,0,0,0,0,0,0,0,0
F,Chong,99.9,99.9,Man Utd,0,0,0,0,0,0,0,0,0,0,0,0,0,0,0,0
D,McQueen,99.9,99.9,Southampton,0,0,0,0,2,0.062,3,0.099,1,0.025,2,0.057,1,0.034,2,0.049
F,Kayky,99.9,99.9,Man City,0,0,0,0,0,0,0,0,0,0,0,0,0,0,0,0
F,Kayky,99.9,99.9,Man City,0,0,0,0,0,0,0,0,0,0,0,0,0,0,0,0
